Date,AAPL,RELIANCE.NS,TCS.NS,MARUTI.NS,HDFCBANK.NS,AMZN,ICICIBANK.NS,INFY.NS
04-01-2023,124.365654,1149.709595,2980.632568,8177.688965,774.7041626,85.13999939,877.3782959,1370.921997
05-01-2023,123.046814,1147.655396,2977.440674,8214.874023,769.7240601,83.12000275,857.9103394,1352.946289
06-01-2023,127.5742035,1158.086304,2887.922607,8139.094727,767.1738892,86.08000183,849.0788574,1328.459106
09-01-2023,128.0958252,1185.430298,2985.399414,8133.221191,768.6654663,87.36000061,852.2503662,1361.42981
10-01-2023,128.6667023,1167.901001,2955.229248,8051.812012,754.6154175,89.87000275,840.5402832,1347.947876
11-01-2023,131.3831329,1153.179077,2993.26709,8043.364746,765.4897461,95.08999634,845.3706665,1349.32373
12-01-2023,131.3043976,1128.276978,2998.348145,8125.648438,769.5796509,95.26999664,839.8572388,1357.898682
13-01-2023,132.6330872,1126.451172,3034.49707,8207.398438,770.1812134,98.12000275,852.3479614,1379.038696
17-01-2023,133.7945099,1131.563843,3107.012939,8232.592773,774.1508179,96.05000305,844.2485352,1411.917603
18-01-2023,133.0759888,1129.692139,3117.681152,8246.865234,787.815979,95.45999908,848.4934082,1417.328613
19-01-2023,133.1350708,1128.482544,3102.138672,8254.244141,791.0878906,93.68000031,845.2243652,1411.36731
20-01-2023,135.6940002,1115.061523,3092.942139,8194.194336,799.1955566,97.25,849.322876,1399.123779
23-01-2023,138.8828583,1109.423706,3140.580566,8172.154297,805.041748,97.51999664,850.6402588,1419.713135
24-01-2023,140.2804565,1102.873047,3160.261719,8445.657227,815.8198853,96.31999969,849.7132568,1423.290039
25-01-2023,139.6210175,1087.625977,3154.238037,8528.474609,793.2772217,97.18000031,834.6364136,1415.127441
27-01-2023,143.6267548,1066.99231,3137.040039,8483.230469,777.4708862,102.2399979,797.4569702,1393.253906
30-01-2023,140.7430115,1077.218018,3157.824707,8560.417969,776.6769409,100.5500031,803.6046753,1411.275635
31-01-2023,142.0126648,1074.524536,3088.895264,8636.438477,771.5524902,103.1299973,811.8017578,1406.644165
01-02-2023,143.1346588,1068.156494,3134.557129,8513.667969,783.1245728,105.1500015,827.4640503,1422.556274
02-02-2023,148.4396057,1062.244751,3182.425781,8612.020508,771.4802856,112.9100037,837.173645,1452.500488
03-02-2023,152.061554,1063.180664,3202.56665,8682.070313,798.1611328,103.3899994,842.9310303,1466.853638
06-02-2023,149.3352203,1055.169067,3182.011963,8648.768555,794.7688599,102.1800003,833.0751343,1439.752441
07-02-2023,152.2091675,1052.63562,3193.600098,8507.455078,795.9476318,102.1100006,832.1480713,1432.9198
08-02-2023,149.5222473,1073.657227,3237.330322,8577.602539,795.8515015,100.0500031,838.3446045,1458.691162
09-02-2023,148.4888153,1075.528809,3256.41333,8545.077148,794.1914673,98.23999786,840.00354,1482.995117
10-02-2023,148.8535461,1066.672852,3253.378174,8554.930664,797.3430786,97.61000061,833.2214966,1475.245483
13-02-2023,151.6529846,1060.60144,3202.658691,8553.086914,797.944519,99.54000092,830.0988159,1437.551147
14-02-2023,151.0122528,1085.594604,3218.936768,8519.104492,805.3305054,99.69999695,844.3948364,1461.213257
15-02-2023,153.1118317,1110.17688,3237.835938,8587.942383,803.6945801,101.1600037,849.7619629,1464.698364
16-02-2023,151.5149841,1109.30957,3272.231934,8548.864258,800.7834473,98.15000153,848.4446411,1469.05481
17-02-2023,150.3715668,1113.942993,3219.902344,8551.436523,796.765686,97.19999695,841.80896,1452.546387
21-02-2023,146.3596802,1111.158447,3173.781006,8417.548828,792.2427368,94.58000183,833.5630493,1448.602783
22-02-2023,146.7835236,1085.959839,3128.303223,8406.966797,776.7009888,95.79000092,818.9741821,1432.369751
23-02-2023,147.2665405,1080.755737,3139.569336,8443.181641,771.4321899,95.81999969,819.4621582,1422.189453
24-02-2023,144.614975,1088.151001,3127.291504,8408.47168,764.5514526,93.5,819.4133301,1422.143677
27-02-2023,145.807663,1080.915527,3064.202393,8380.995117,766.4521484,93.76000214,835.7098999,1384.220337
28-02-2023,145.3049622,1060.236206,3046.728516,8373.373047,769.6759033,94.23000336,834.1972656,1364.272827
01-03-2023,143.2349396,1069.982422,3113.726807,8509.105469,768.9301758,92.16999817,835.6123047,1372.068359
02-03-2023,143.8263855,1061.833862,3054.637695,8299.973633,762.3862305,92.12999725,833.3678589,1350.149048
03-03-2023,148.8732452,1088.927002,3073.674561,8350.945313,777.5189819,94.90000153,847.5664063,1356.706665
06-03-2023,151.6333008,1099.563354,3100.989258,8380.266602,783.0042725,93.75,846.7857056,1382.523682
08-03-2023,150.6869659,1103.512085,3118.048584,8440.899414,784.5680542,93.91999817,851.0305176,1368.996094
09-03-2023,148.4395447,1076.989624,3068.800293,8293.371094,784.6402588,92.25,835.270752,1357.715576
10-03-2023,146.3793793,1060.304688,3063.420166,8351.237305,764.4071655,90.73000336,822.2921143,1349.598877
13-03-2023,148.3212433,1042.866455,3018.310791,8270.507813,754.7356567,92.43000031,808.3863525,1316.169434
14-03-2023,150.410965,1038.963501,2956.692871,8264.438477,752.7147827,94.87999725,810.2891846,1302.320923
15-03-2023,150.8052673,1021.205688,2941.931885,8228.321289,741.9125366,96.19999695,805.9467773,1302
16-03-2023,153.6244202,1016.115723,2929.148926,8191.912109,746.7242432,100.0400009,803.9950562,1287.738647
17-03-2023,152.7865753,1014.837708,2923.906738,8074.821777,756.7084961,98.94999695,816.0466919,1302.962769
20-03-2023,155.1522827,1004.863159,2890.798584,7980.401367,751.4636841,97.70999908,816.2419434,1287.325806
21-03-2023,157.0054626,1036.110229,2856.586914,7988.946289,759.9803467,100.6100006,831.8065186,1275.449097
22-03-2023,155.5761719,1039.260254,2879.302979,8012.248047,758.2241821,98.69999695,839.4180908,1274.119263
23-03-2023,156.6604156,1026.113159,2873.64624,8110.11377,752.1373901,98.70999908,834.7828979,1260.637573
24-03-2023,157.9616241,1005.79895,2869.830078,8003.024902,750.9344482,98.12999725,831.8065186,1266.231812
27-03-2023,156.0197296,1021.433899,2871.485352,8037.442383,754.2063599,98.04000092,828.1959229,1273.844116
28-03-2023,155.3987274,1026.204468,2865.599121,7969.916016,760.3412476,97.23999786,834.0997314,1263.434937
29-03-2023,158.4741821,1020.132935,2886.751709,8053.898926,763.9981689,100.25,830.4403076,1268.891602
31-03-2023,162.5451813,1064.116455,2948.369629,8050.84082,774.463623,103.2900009,856.0561523,1309.612061
03-04-2023,163.7970428,1064.299072,2942.943848,8255.603516,774.9447632,102.4100037,862.447876,1293.929199
05-04-2023,161.421463,1061.742676,2979.546875,8201.233398,795.7310791,101.0999985,863.2285767,1305.576782
06-04-2023,162.3086243,1068.863892,2961.980225,8268.807617,801.7938843,102.0599976,853.8605347,1304.063477
10-04-2023,159.7161713,1061.286133,3001.250244,8286.769531,797.9926758,102.1699982,847.46875,1309.291016
11-04-2023,158.5037231,1066.535767,2955.63501,8407.548828,800.3262939,99.91999817,860.5938721,1289.618774
12-04-2023,157.8137207,1071.237793,2981.248047,8370.168945,810.7196045,97.83000183,868.6445923,1309.932983
13-04-2023,163.1957703,1075.277832,2932.689697,8418.47168,814.3522949,102.4000015,877.2807007,1274.073364
17-04-2023,162.8704681,1080.73291,2887.303467,8422.208984,801.9382324,102.7399979,879.5251465,1154.021484
18-04-2023,164.0927887,1068.361816,2879.256348,8478.522461,798.5459595,102.3000031,875.1825562,1154.984375
19-04-2023,165.2362061,1073.680054,2841.412354,8427.355469,801.4810791,104.3000031,870.3522339,1130.084351
20-04-2023,164.2702026,1070.963867,2855.391113,8461.045898,804.4644165,103.8099976,872.7918701,1122.013672
21-04-2023,162.6634674,1072.310547,2906.939209,8309.391602,805.7634888,106.9599991,864.2532349,1125.636475
24-04-2023,162.9690552,1076.419067,2919.768066,8219.777344,812.2833862,106.2099991,882.8917847,1124.67334
25-04-2023,161.4313202,1084.658691,2920.871826,8222.447266,800.7353516,102.5699997,891.3816528,1123.389526
26-04-2023,161.421463,1078.290649,2941.242432,8259.341797,804.4161987,104.9800034,892.8453979,1125.819702
27-04-2023,166.0050507,1085.115234,2931.862061,8294.342773,808.8429565,109.8199997,896.163147,1142.969971
28-04-2023,167.2569275,1104.950073,2960.647705,8339.585938,812.0186768,105.4499969,895.4801636,1148.931396
02-05-2023,166.133194,1114.331055,2960.7854,8521.435547,811.8502808,103.6299973,899.8226318,1171.584106
03-05-2023,165.0587921,1104.767456,2924.458496,8541.290039,814.689209,103.6500015,900.5544434,1163.97229
04-05-2023,163.4224854,1117.503662,2961.980225,8544.494141,831.3616333,104,899.432312,1168.00769
05-05-2023,171.0914001,1114.650635,2971.177979,8688.236328,782.2103882,105.6600037,904.5554199,1154.755005
08-05-2023,171.0223694,1128.414063,2989.479248,8812.123047,791.2562866,105.8300018,915.2408447,1160.716431
09-05-2023,169.3171082,1131.906128,3019.506104,8846.394531,791.2803345,106.6200027,911.8255005,1165.393799
10-05-2023,171.0815125,1139.689575,3022.77124,8901.348633,794.9372559,110.1900024,913.4356079,1158.561401
11-05-2023,171.2688293,1132.248657,3018.494629,8991.399414,795.4664917,112.1800003,916.5094604,1152.003662
12-05-2023,170.3409424,1134.097412,3011.275635,9024.896484,802.4916382,110.2600021,921.0959473,1142.006958
15-05-2023,169.8474121,1136.334229,2993.572021,8939.359375,806.3410034,111.1999969,922.9012451,1154.067261
16-05-2023,169.8474121,1120.151367,2996.422852,8807.365234,801.7174072,113.4000015,923.4866943,1159.52417
17-05-2023,170.4594116,1113.532104,2950.944824,8854.017578,797.4102173,115.5,916.6558838,1143.566284
18-05-2023,172.7889099,1111.13562,2942.805908,8789.839844,800.5980225,118.1500015,923.6331787,1142.740601
19-05-2023,172.8974915,1114.741821,2963.958252,8840.958008,801.5228271,116.25,931.2446899,1163.743042
22-05-2023,171.9498901,1120.699097,3033.715332,8890.183594,798.6757202,115.0100021,927.3901367,1185.662231
23-05-2023,169.3440094,1120.493774,3032.197998,8932.951172,796.8018799,114.9899979,930.3664551,1192.311401
24-05-2023,169.6203918,1113.96582,3037.991455,9000.962891,786.3868408,116.75,917.9244385,1191.027344
25-05-2023,170.7555389,1113.828979,3028.933105,9011.740234,783.3693237,115,917.1437988,1196.255127
26-05-2023,173.1639862,1144.208862,3061.48877,9126.40332,786.3868408,120.1100006,927.7316895,1208.269409
30-05-2023,175.0098419,1150.348755,3049.809082,9110.285156,796.5828857,121.6600037,926.9998169,1214.139038
31-05-2023,174.9605103,1127.500854,3025.25415,9095.091797,783.9777222,120.5800018,926.2191162,1209.049072
01-06-2023,177.7638397,1124.465332,3056.982422,9056.837891,780.6439209,122.7699966,913.484314,1210.149414
02-06-2023,178.6127014,1120.790527,3040.060547,9209.317383,781.8606567,124.25,915.4848633,1207.361328
05-06-2023,177.260376,1130.856323,3024.702637,9303.251953,780.838623,125.3000031,923.8770752,1212.473267
06-06-2023,176.8952026,1131.814819,2972.649414,9452.867188,778.4051514,126.6100006,919.3394165,1188.772095
07-06-2023,175.5231171,1140.396973,3011.82666,9425.001953,782.4446411,121.2300034,917.4853516,1198.020142
08-06-2023,178.2375946,1141.081665,2976.465576,9377.525391,782.9312744,124.25,915.2408447,1192.304199
09-06-2023,178.6225891,1133.001831,2951.496338,9347.62207,783.8560181,123.4300003,915.3872681,1176.6427
12-06-2023,181.4160156,1134.006104,2986.076172,9272.523438,779.0865479,126.5699997,913.3380127,1200.808472
13-06-2023,180.9422302,1150.759399,2983.133057,9240.532227,780.4005737,126.6600037,920.7543945,1212.798584
14-06-2023,181.5739441,1164.910889,2989.893066,9255.094727,779.5488892,126.4199982,917.0949707,1208.66272
15-06-2023,183.6073456,1165.230469,2979.933105,9315.630859,769.9611816,127.1100006,904.2138672,1196.021973
16-06-2023,182.5314178,1176.574463,2941.575195,9324.223633,780.0355225,125.4899979,911.6303711,1200.529907
20-06-2023,182.6202545,1167.307495,2990.495117,9215.870117,782.3473511,125.7799988,903.18927,1211.450928
21-06-2023,181.5838165,1170.594238,3018.753418,9166.112305,796.0231323,124.8300018,902.3598022,1207.686523
22-06-2023,184.5845947,1157.447144,3000.501465,9129.412109,799.916687,130.1499939,903.3844604,1191.142334
23-06-2023,184.2686768,1147.974976,2979.979248,9055.866211,799.868042,129.3300018,901.1887817,1175.759766
26-06-2023,182.8768921,1139.210083,2955.240967,9194.609375,795.9989014,127.3300018,905.043396,1180.7323
27-06-2023,185.6308746,1139.621094,2962.375488,9185.676758,807.21698,129.1799927,913.484314,1188.911621
28-06-2023,186.8054962,1154.708252,2979.145508,9263.008789,815.7583618,129.0399933,914.8017578,1202.109863
30-06-2023,191.4645081,1164.18042,3059.565918,9504.179688,828.0470581,130.3600006,912.0205688,1241.286377
03-07-2023,189.9740448,1194.058228,3031.817383,9391.507813,837.0021362,130.2200012,919.7785034,1239.613281
05-07-2023,188.8586426,1179.815552,3075.965576,9701.514648,814.3712769,130.3800049,934.8552856,1252.253906
06-07-2023,189.3324432,1204.580444,3078.69873,9572.483398,815.1986084,128.3600006,936.2214966,1249.09375
07-07-2023,188.217041,1202.229492,3084.582275,9563.597656,808.0930176,129.7799988,923.5355225,1236.360107
10-07-2023,186.1737671,1248.541138,3031.493408,9452.963867,806.1705322,127.1299973,925.4872437,1235.384399
11-07-2023,185.650589,1262.076172,3031.910156,9612.045898,802.2527466,128.7799988,922.1206055,1253.462158
12-07-2023,187.3187714,1263.468506,3020.328369,9549.569336,794.7334595,130.8000031,921.5839233,1239.241577
13-07-2023,188.0788269,1252.170166,3095.05127,9366.796875,798.6998901,134.3000031,932.6108398,1268.798096
14-07-2023,188.2268829,1251.120361,3256.357178,9324.175781,800.3546753,134.6799927,936.8557739,1325.355347
17-07-2023,191.4842682,1276.684082,3235.093506,9407.574219,817.0966797,133.5599976,945.296814,1322.567139
18-07-2023,191.2276459,1287.525879,3239.865234,9384.371094,816.4153442,132.8300018,951.883728,1371.131104
19-07-2023,192.5799408,1297.294922,3215.034668,9327.961914,820.1141357,135.3600006,949.9320679,1370.898804
20-07-2023,190.6353912,1295.723755,3217.124512,9488.111328,821.890564,129.9600067,971.546936,1347.244019
21-07-2023,189.4607544,1255.613403,3128.877441,9485.732422,815.5635986,130,972.9130859,1237.661499
24-07-2023,190.2602692,1230.216797,3153.447021,9412.672852,816.8533936,128.8000031,968.0338135,1242.308716
25-07-2023,191.1190491,1229.425537,3157.534424,9474.615234,825.7109985,129.1300049,970.6686401,1240.449829
26-07-2023,191.9876709,1249.406372,3147.456543,9472.430664,822.8395386,128.1499939,972.3764038,1253.69458
27-07-2023,190.7242126,1237.783813,3155.444824,9469.759766,814.2982178,128.25,966.3261719,1257.691406
28-07-2023,193.3005219,1250.222656,3116.894287,9388.885742,799.868042,132.2100067,972.1324463,1245.933594
31-07-2023,193.9125061,1260.806519,3178.249268,9534.957031,803.6154175,133.6799927,974.1816406,1260.061279
01-08-2023,193.0833435,1242.976929,3206.674561,9433.984375,808.9933472,131.6900024,970.5222778,1268.891235
02-08-2023,190.0924835,1229.697632,3196.084717,9372.865234,798.40802,128.2100067,963.105896,1261.130249
03-08-2023,188.7006836,1224.529175,3158.277832,9353.166992,792.6407471,128.9100037,941.6861572,1268.05481
04-08-2023,179.6393127,1241.171631,3198.779053,9281.331055,804.1021729,139.5700073,947.0532837,1281.113525
07-08-2023,176.5398254,1248.244263,3236.399902,9333.664063,803.6398315,142.2200012,952.0789185,1294.730103
08-08-2023,177.4775696,1240.726563,3223.905762,9352.040039,802.9828491,139.9400024,956.2261963,1292.127441
09-08-2023,175.8883362,1248.911865,3216.381592,9274.175781,803.2747803,137.8500061,957.0133057,1296.03125
10-08-2023,175.6712036,1254.475952,3197.431885,9209.982422,796.1448364,138.5599976,948.552002,1291.105103
11-08-2023,175.7305145,1259.767822,3203.655762,9170.046875,787.8468628,138.4100037,937.4833984,1275.072021
14-08-2023,177.3811646,1274.654785,3204.631104,9135.549805,784.0021362,140.5700073,944.0753174,1295.241211
16-08-2023,174.5246429,1273.616211,3212.572754,9231.495117,781.7145996,135.0700073,941.074585,1318.431152
17-08-2023,171.9843903,1255.242432,3191.532959,9188.128906,777.3831177,133.9799957,936.3027954,1311.971436
18-08-2023,172.4687347,1264.540649,3127.762451,9267.265625,774.1953125,133.2200012,935.3189087,1290.826294
21-08-2023,173.8030701,1250.742676,3159.857178,9250.361328,773.5869751,134.6799927,939.7955322,1306.255249
22-08-2023,175.1769714,1250.444824,3141.743164,9302.401367,770.2774658,134.25,936.6471558,1304.72168
23-08-2023,179.0219269,1251.834595,3156.698242,9409.274414,772.1755981,135.5200043,951.2576294,1308.625244
24-08-2023,174.336853,1230.790405,3146.945068,9382.568359,768.6227417,131.8399963,953.3237915,1323.171143
25-08-2023,176.5410004,1225.107544,3140.953369,9315.925781,759.9597778,133.2599945,954.7504272,1319.918213
28-08-2023,178.1026917,1212.897705,3135.612061,9406.088867,767.8684082,133.1399994,954.8979492,1315.782227
29-08-2023,181.9871826,1201.283813,3136.169189,9429.168945,773.9763794,134.9100037,952.1431274,1317.641113
30-08-2023,185.4762726,1200.142334,3149.91748,9600.822266,768.3307495,135.0700073,943.4359131,1333.906494
31-08-2023,185.6937408,1194.657837,3118.195068,9804.081055,764.8022461,138.0099945,943.288269,1334.185425
01-09-2023,187.2653046,1197.461914,3139.002441,10124.99414,766.3839722,138.1199951,953.0778809,1341.992676
05-09-2023,187.5025482,1202.896973,3185.588135,10057.22363,766.4814453,137.2700043,952.7826538,1374.57019
06-09-2023,180.7911987,1205.428101,3186.098877,9975.636719,776.5070801,135.3600006,942.0584717,1373.22229
07-09-2023,175.5031891,1207.065918,3209.646973,10075.50293,783.9777222,137.8500061,950.0770264,1362.765991
08-09-2023,176.1159668,1215.106445,3197.24585,10125.72852,790.0856323,138.2299957,954.8979492,1365.926025
11-09-2023,177.2823181,1228.209473,3233.241455,10323.54883,794.1738281,143.1000061,962.4737549,1372.292847
12-09-2023,174.257782,1210.46582,3326.272705,10293.90234,796.6559448,141.2299957,974.5262451,1395.203979
13-09-2023,172.1920013,1216.520996,3314.243164,10264.30664,800.0626831,144.8500061,973.8374634,1392.648071
14-09-2023,173.7042694,1217.637695,3306.998047,10278.76172,799.5759888,144.7200012,971.7714233,1400.641235
15-09-2023,172.9827118,1219.895996,3342.528809,10315.12109,808.750061,140.3899994,976.4448242,1404.963379
18-09-2023,175.9084167,1209.274658,3349.820801,10312.0332,792.8354492,139.9799957,974.2310791,1386.560181
20-09-2023,173.4571381,1182.324097,3349.728271,10140.18457,761.0304565,135.2899933,971.2302856,1385.119385
21-09-2023,171.9152069,1173.712769,3330.452881,10078.98145,755.9932861,129.3300018,943.8294067,1395.808228
22-09-2023,172.7652435,1168.823975,3347.498779,10324.82324,744.4588623,129.1199951,934.9745483,1390.603271
25-09-2023,174.0403137,1161.627319,3322.882324,10376.81445,745.1158447,131.2700043,940.9269409,1370.155273
26-09-2023,169.9680481,1162.644775,3330.824707,10345.89453,748.352356,125.9800034,933.4003906,1357.607544
27-09-2023,168.45578,1175.747803,3334.168701,10467.5166,743.0961304,125.9800034,927.890625,1363.509644
28-09-2023,168.7127686,1158.475708,3285.354004,10354.41992,741.5630493,125.9800034,927.3987427,1337.903076
29-09-2023,169.2267456,1163.88562,3277.783203,10398.7666,742.8284302,127.1200027,936.5487671,1334.185425
03-10-2023,170.4028931,1150.559204,3264.081543,10140.33203,733.9464722,124.7200012,925.1358032,1332.837646
04-10-2023,171.6483307,1148.573853,3286.282715,9927.614258,744.4102173,127,915.0510864,1342.457397
05-10-2023,172.8838806,1148.549194,3334.215088,10006.3125,747.4276123,125.9599991,925.6768799,1360.209961
06-10-2023,175.4339905,1150.484741,3363.986572,10096.37598,746.6002808,127.9599991,929.9568481,1374.384155
09-10-2023,176.9165955,1140.682251,3379.732422,10040.26953,737.9372559,128.2599945,923.4632568,1371.363403
10-10-2023,176.3235474,1145.719971,3370.954102,10167.87012,742.1226807,129.4799957,935.8600464,1389.673828
11-10-2023,177.7172394,1163.9104,3353.304199,10204.22949,749.3013916,131.8300018,937.7293701,1388.976563
12-10-2023,178.6166687,1166.069336,3290.741455,10369.66016,754.289856,132.3300018,938.8608398,1362.115356
13-10-2023,176.7782288,1166.019775,3317.029785,10513.38281,747.4276123,129.7899933,935.958374,1330.188721
16-10-2023,176.6497345,1163.414063,3273.556885,10490.79199,744.4345093,132.5500031,936.0568237,1332.977051
17-10-2023,175.0979156,1168.9729,3257.765381,10536.16797,750.0800171,131.4700012,938.5164795,1340.691406
18-10-2023,173.8030701,1153.462769,3239.372314,10573.06641,739.640686,128.1300049,928.5302124,1338.925537
19-10-2023,173.4274902,1144.603271,3218.324463,10556.65039,737.3045044,128.3999939,920.6591797,1332.512329
20-10-2023,170.8773956,1141.104248,3254.552979,10511.52051,741.125061,125.1699982,917.7075806,1326.563843
23-10-2023,170.9959869,1123.286011,3175.949219,10342.9541,732.9730835,126.5599976,914.9527588,1309.276001
25-10-2023,169.1180115,1120.68042,3157.276367,10377.4502,728.3251953,121.3899994,901.3260498,1289.881226
26-10-2023,164.9567871,1105.070801,3107.590332,10216.04004,712.2158813,119.5699997,893.9962769,1279.901611
27-10-2023,166.2713623,1124.576538,3120.814941,10349.86328,715.0143433,127.7399979,898.0301514,1299.578613
30-10-2023,168.3173828,1147.755005,3146.519531,10190.11719,722.7770386,132.7100067,909.9841919,1296.471924
31-10-2023,168.7918396,1135.545288,3137.393066,10184.8252,718.5914917,133.0899963,900.5881348,1288.327881
01-11-2023,171.9547424,1140.260376,3101.90918,10023.55957,717.618103,137,899.309082,1274.911743
02-11-2023,175.5130463,1151.57666,3129.33667,10097.89648,718.7131958,138.0700073,905.1140137,1289.975342
03-11-2023,174.6036987,1151.328491,3120.768311,10071.14063,722.1199951,138.6000061,918.7406616,1307.769409
06-11-2023,177.1538086,1160.907593,3148.102539,10079.51953,727.3518677,139.7400055,930.2027588,1321.185669
07-11-2023,179.7138214,1153.363403,3138.975342,10048.60059,723.8233032,142.7100067,932.8099976,1322.127319
08-11-2023,180.7714081,1159.369019,3149.313965,10116.22168,725.9161377,142.0800018,920.6591797,1309.605469
09-11-2023,180.2969971,1146.787109,3117.55542,10192.71484,723.0447388,140.6000061,922.2333374,1294.353394
10-11-2023,184.48349,1148.946167,3104.51709,10181.39453,725.8918457,143.5599976,923.4632568,1288.751465
13-11-2023,182.8999634,1148.797363,3102.747314,10190.80371,724.5778198,142.5899963,919.380188,1293.176514
15-11-2023,186.0769348,1169.568481,3170.501709,10247.30273,732.1699829,143.1999969,925.9229126,1327.964478
16-11-2023,187.7594757,1171.677856,3257.626709,10275.18457,734.0924072,142.8300018,920.9051514,1360.351563
17-11-2023,187.7396698,1169.121826,3261.9104,10313.40625,732.5106812,145.1799927,906.9833374,1353.431519
20-11-2023,189.4815826,1166.044556,3277.882568,10355.30273,732.5593262,146.1300049,906.5898438,1352.537109
21-11-2023,188.6798859,1180.710938,3269.12793,10324.82324,738.7646484,143.8999939,911.1647949,1354.796753
22-11-2023,189.3430176,1185.326782,3287.708008,10285.0332,736.1365967,146.7100067,907.8688354,1372.496704
24-11-2023,188.0168152,1188.155884,3219.675049,10305.71289,745.6511841,146.7400055,914.4116211,1353.290405
28-11-2023,188.4423676,1188.404053,3231.828125,10327.1748,743.972168,147.0299988,910.5745239,1358.280151
29-11-2023,187.4229736,1191.530884,3272.434814,10387.64355,758.81604,146.3200073,924.4470825,1374.191284
30-11-2023,187.9969635,1179.991333,3248.080078,10396.90527,758.645752,146.0899963,919.8721313,1370.001709
01-12-2023,189.2737274,1188.354492,3270.478516,10374.36426,756.9910278,147.0299988,931.4326172,1367.318604
04-12-2023,187.4823303,1201.209351,3271.223633,10387.83984,783.2720337,144.8399963,975.2149658,1378.66333
05-12-2023,191.4312897,1209.919922,3289.058105,10507.8457,790.2315674,146.8800049,997.1062012,1368.871948
06-12-2023,190.3426361,1221.509155,3356.57959,10413.61426,792.2270508,144.5200043,987.0706177,1388.031128
07-12-2023,192.272583,1219.498901,3366.637451,10483.09961,793.5167236,146.8800049,982.8891602,1380.122681
08-12-2023,193.6977844,1218.853638,3377.627441,10406.55859,804.5888062,147.4199982,994.5480347,1403.895142
11-12-2023,191.1937866,1220.640503,3392.715088,10331.29199,803.5181274,145.8899994,1000.697266,1401.400146
12-12-2023,192.7080536,1203.120117,3419.90918,10132.00195,795.536499,147.4799957,999.3198242,1389.678711
13-12-2023,195.9246521,1208.033691,3346.75415,10172.81934,793.7357788,148.8399963,997.5488892,1364.21167
14-12-2023,196.0731201,1223.022827,3415.392578,10146.50586,803.1044922,147.4199982,1016.980347,1413.592407
15-12-2023,195.5386505,1238.632324,3595.836182,10081.03906,806.2192383,149.9700012,1020.669922,1486.039795
18-12-2023,193.8759308,1251.239014,3594.159424,10113.57617,805.805542,154.0700073,1004.977112,1472.811646
19-12-2023,194.9151459,1269.65271,3554.112793,10029.29297,804.4428711,153.7899933,999.0739136,1467.115967
20-12-2023,192.8268127,1254.291382,3520.445313,9879.985352,806.4382324,152.1199951,990.4158325,1446.497314
21-12-2023,192.67836,1271.86145,3527.383789,9812.950195,820.8928223,153.8399963,988.2020874,1446.120728
22-12-2023,191.6094666,1273.102295,3561.377197,10013.17285,813.178894,153.4199982,978.2649536,1471.446655
26-12-2023,191.0651245,1279.554443,3534.881104,10065.60352,818.8244019,153.4100037,979.052063,1453.605591
27-12-2023,191.164093,1283.922241,3549.456055,10083.09766,828.9718018,153.3399963,986.086792,1475.400879
28-12-2023,191.5896606,1293.203491,3538.932129,10066.53418,829.9208374,153.3800049,989.6779175,1471.211426
29-12-2023,190.5504761,1282.979004,3532.878662,10096.6709,831.8676147,151.9400024,980.527832,1452.616943
02-01-2024,183.7312927,1296.255859,3523.37915,9994.15918,826.9277344,149.9299927,966.4093018,1444.614258
03-01-2024,182.3555756,1282.160156,3438.209717,9876.458008,814.1766357,148.4700012,968.1802368,1402.8125
04-01-2024,180.0396423,1288.786011,3414.973389,9815.351563,822.9125977,144.5700073,971.2302856,1424.184082
05-01-2024,179.3171539,1294.270508,3481.189941,9817.018555,818.7027588,145.2400055,977.6746216,1442.872559
08-01-2024,183.6521301,1284.170288,3425.683594,9748.121094,809.5773926,149.1000061,966.1633301,1433.693115
09-01-2024,183.2364655,1280.770508,3436.486572,9823.975586,803.2747803,151.3699951,963.949585,1439.812988
10-01-2024,184.2756805,1315.314819,3458.047119,9810.353516,805.9272461,153.7299957,977.0350952,1430.962891
11-01-2024,183.6818237,1349.908813,3479.001953,9811.235352,802.5447998,155.1799927,975.1657715,1406.766602
12-01-2024,184.0084381,1360.654175,3616.138916,9766.693359,798.7485352,154.6199951,987.3165894,1518.379639
16-01-2024,181.7419891,1364.525513,3596.115479,9980.242188,817.2183838,153.1600037,992.7770996,1536.079712
17-01-2024,180.8017426,1351.571289,3617.814941,9851.025391,748.2792969,151.7100067,965.9173584,1544.223389
18-01-2024,186.690567,1357.899536,3634.579102,9726.364258,723.2879639,153.5,970.4431152,1546.483032
19-01-2024,189.5904236,1357.403198,3697.834473,9837.304688,715.7443848,155.3399963,983.0859375,1562.111572
23-01-2024,193.1732178,1318.813843,3618.30835,9663.59375,694.6708984,156.0200043,1012.45459,1546.059448
24-01-2024,192.5001984,1334.001465,3602.881348,9788.792969,708.5657959,156.8699951,983.0859375,1577.363647
25-01-2024,192.1735992,1343.133789,3573.340576,9683.733398,698.3453979,157.75,993.6625977,1571.432251
29-01-2024,189.7586823,1437.411133,3564.618408,9791.929688,707.9573975,161.2599945,1000.008545,1559.663818
30-01-2024,186.1066284,1397.283081,3564.196533,9752.972656,702.9202271,159,1000.500549,1554.815063
31-01-2024,182.5040588,1416.143555,3578.638672,9983.526367,711.8022461,155.1999969,1011.569092,1563.712158
01-02-2024,184.938736,1416.168335,3614.463135,10425.57129,713.6516113,159.2799988,1008.617493,1560.087646
02-02-2024,183.9391479,1446.990112,3719.638428,10442.72168,703.8206177,171.8099976,1007.485962,1594.263306
05-02-2024,185.7503052,1428.452393,3726.203125,10220.35059,703.1878662,170.3099976,1006.99408,1588.473267
06-02-2024,187.3536835,1417.309814,3878.784912,10628.34082,702.822876,169.1499939,1009.84729,1628.250977
07-02-2024,187.4625397,1431.554443,3829.456055,10717.37695,695.9362183,170.5299988,1005.665833,1594.639893
08-02-2024,186.3837433,1439.470825,3877.003418,10529.40625,682.8444214,169.8399963,973.3455811,1593.086426
09-02-2024,187.1467896,1450.0177,3876.628174,10518.57617,683.1120605,174.4499969,994.4005127,1571.667725
12-02-2024,185.4621429,1441.679443,3864.436768,10495.88867,676.4932251,172.3399963,980.0358887,1581.788574
13-02-2024,183.3711395,1454.335815,3891.445313,10578.99512,678.6588745,168.6399994,1003.353699,1585.978271
14-02-2024,182.4891968,1470.491211,3845.11792,10807.78516,673.5974731,170.9799957,1006.20697,1568.702026
15-02-2024,182.2018127,1459.795288,3848.025146,10868.84082,688.197998,169.8000031,1000.254517,1578.257935
16-02-2024,180.6657867,1449.843994,3871.563721,11153.19824,691.045105,169.5099945,1006.748108,1602.077759
20-02-2024,179.9225464,1460.217407,3779.986572,11217.92969,707.7870483,167.0800018,1031.836792,1586.637329
21-02-2024,180.675705,1456.916748,3743.271484,11236.94141,700.4137573,168.5899963,1034.985107,1558.675293
22-02-2024,182.7072144,1470.863403,3832.926514,11425.05957,690.8747559,174.5800018,1045.56189,1582.965576
23-02-2024,180.8739166,1482.651245,3800.103027,11305.2998,691.3857422,174.9900055,1044.18457,1578.728882
26-02-2024,179.5261536,1476.397461,3752.228027,11238.06934,692.2131958,174.7299957,1037.198853,1563.005981
27-02-2024,180.9828949,1474.734863,3849.150391,11271.04785,691.1668091,173.5399933,1043.102173,1566.25415
28-02-2024,179.7837982,1444.93042,3862.795654,10930.14258,685.9348755,173.1600037,1029.327881,1573.456665
29-02-2024,179.1198425,1450.067505,3840.428955,11062.98535,683.0147705,176.7599945,1035.231201,1575.951538
01-03-2024,178.0396881,1481.162231,3839.725342,11388.94629,696.3256226,178.2200012,1069.371582,1557.874878
04-03-2024,173.520813,1496.325073,3826.924072,11362.68164,697.2745972,177.5800018,1074.733643,1541.398926
05-03-2024,168.5857239,1489.177856,3762.590576,11437.60449,701.2411499,174.1199951,1070.503174,1512.495361
06-03-2024,167.5947266,1491.957397,3811.543701,11336.12207,702.0928345,173.5099945,1079.407104,1522.898926
07-03-2024,167.4758148,1468.059326,3853.089355,11280.25977,703.7962036,176.8200073,1070.404663,1521.863159
11-03-2024,171.1920166,1455.824707,3865.984131,11168.0459,694.8899536,171.9600067,1061.303711,1506.940552
12-03-2024,171.6677094,1464.585083,3931.536865,11280.11328,710.3421631,175.3899994,1059.483643,1518.567871
13-03-2024,169.5866241,1421.65271,3890.976318,11162.75488,710.7558594,176.5599976,1066.469116,1517.108765
14-03-2024,171.439743,1420.957886,3945.932129,11176.91504,708.3467407,178.75,1066.124756,1556.557007
15-03-2024,171.0631866,1407.805176,3956.857666,11247.52734,706.9840698,174.4199982,1062.927246,1538.38623
18-03-2024,172.1532745,1428.899048,3894.259033,11403.98926,703.7719727,174.4799957,1063.76355,1508.870728
19-03-2024,174.4919739,1414.778564,3729.954834,11365.52246,705.3779297,175.8999939,1066.469116,1470.081421
20-03-2024,177.058609,1433.142578,3723.952637,11702.75391,696.4716797,178.1499939,1067.010376,1463.961792
21-03-2024,169.8244171,1440.314575,3725.875,11670.41309,703.6259155,178.1499939,1064.353882,1463.72644
22-03-2024,170.7262573,1444.334839,3667.684082,12091.38672,702.2144775,178.8699951,1072.716797,1420.559448
26-03-2024,168.1794434,1430.983643,3636.361084,12005.97656,693.7218628,178.3000031,1066.223145,1405.307373
27-03-2024,171.7469482,1481.881958,3602.037109,12260.58984,701.1681519,179.8300018,1066.272461,1397.022217
28-03-2024,169.9334564,1474.93335,3635.23584,12348.79199,704.6722412,180.3800049,1075.668457,1410.391357
01-04-2024,168.496521,1473.866333,3673.170166,12318.65625,715.6713867,180.9700012,1081.916016,1407.943481
02-04-2024,167.3172607,1476.025146,3642.269043,12301.84961,720.3679199,180.6900024,1063.76355,1396.080811
03-04-2024,168.1199646,1460.788086,3701.820313,12179.73633,721.4143066,182.4100037,1059.827881,1394.009521
04-04-2024,167.2974396,1452.17688,3754.337646,12316.35352,743.4611816,180,1061.451416,1399.705444
05-04-2024,168.0505829,1449.372437,3731.782959,12173.61133,754.1439209,185.0700073,1065.928101,1392.550171
08-04-2024,166.9307861,1475.057373,3725.500244,12608.25684,752.7081299,185.1900024,1069.617554,1390.290649
09-04-2024,168.1397858,1452.896484,3701.116699,12630.7002,753.6572876,185.6699982,1089.196655,1407.378418
10-04-2024,166.2668304,1468.704468,3736.847412,12429.54785,747.7196655,185.9499969,1091.508789,1418.629272
12-04-2024,174.9577484,1456.370728,3752.555664,12021.65723,739.2512817,186.1300049,1086.589355,1397.869507
15-04-2024,171.1325684,1454.062744,3696.099609,12174.83594,727.4491577,183.6199951,1060.959473,1382.241089
16-04-2024,167.852417,1454.981079,3631.953125,12253.09277,734.5304565,183.3200073,1049.841797,1331.683228
18-04-2024,165.533493,1453.566406,3621.825195,12157.34277,727.4491577,179.2200012,1038.428833,1336.202271
19-04-2024,163.5118866,1459.323975,3588.251221,12457.18457,745.2619019,174.6300049,1050.038574,1328.67041
22-04-2024,164.3442993,1468.977417,3624.263428,12530.24609,735.9661865,177.2299957,1069.125732,1348.912354
23-04-2024,165.3947449,1448.603271,3633.735352,12736.78906,733.727417,179.5399933,1072.667603,1357.997803
24-04-2024,167.4956665,1439.520508,3592.799561,12685.63086,735.7227783,176.5899963,1079.062744,1347.029541
25-04-2024,168.3578033,1449.248413,3612.634277,12664.51172,735.260498,173.6699982,1095.788574,1354.278809
26-04-2024,167.7731018,1441.878174,3583.703125,12449.73633,734.7981567,179.6199951,1090.032959,1346.558716
29-04-2024,171.9352417,1454.261353,3629.514893,12436.50586,744.3858643,180.9600067,1141.440308,1350.79541
30-04-2024,168.7938385,1456.221802,3583.046143,12561.6084,739.8109741,175,1131.847534,1337.426392
02-05-2024,171.4694824,1455.775269,3623.044189,12549.7002,745.7242432,184.7200012,1121.074097,1331.683228
03-05-2024,181.7261353,1423.464355,3604.381348,12242.75391,739.567627,186.2100067,1123.632324,1333.425049
06-05-2024,180.0712128,1409.095703,3677.202393,12190.95801,741.052063,188.6999969,1127.813721,1342.463379
07-05-2024,180.7549438,1391.178223,3731.501709,12117.20996,733.0217285,188.7599945,1113.645874,1356.632446
08-05-2024,181.0919189,1408.12793,3729.626465,12293.12598,721.5845947,188,1104.889526,1343.781372
09-05-2024,182.9054108,1383.882324,3713.918213,12255.00391,704.4776001,189.5,1097.707153,1355.314453
10-05-2024,181.6451721,1397.084595,3651.740967,12422.44238,709.3616333,187.4799957,1099.0354,1341.521851
13-05-2024,184.8503571,1392.394287,3702.289063,12420.8252,717.9208984,186.5700073,1109.808838,1340.156616
14-05-2024,185.9915314,1409.641479,3658.587158,12558.37402,720.7328491,187.0700073,1102.479004,1341.333496
15-05-2024,188.2639465,1405.869629,3639.080811,12512.41016,709.6575317,185.9900055,1106.217651,1336.86145
16-05-2024,188.3830414,1414.877808,3684.942139,12248.14355,720.3875122,183.6300049,1112.809692,1368.307007
17-05-2024,188.4128265,1425.151855,3621.793945,12389.12207,722.2868652,184.6999969,1112.268433,1359.786621
21-05-2024,190.8737793,1425.57373,3608.663818,12224.2793,719.6722412,183.1499939,1102.872437,1350.230469
22-05-2024,189.434906,1449.918579,3619.810547,12281.16992,719.8695679,183.1300049,1093.181274,1369.672119
23-05-2024,185.4457703,1475.131958,3677.857422,12676.66504,736.3468018,181.0500031,1116.203979,1386.24231
24-05-2024,188.5219727,1469.374512,3636.341309,12740.90625,748.4827271,180.75,1113.695068,1379.369507
28-05-2024,188.5318909,1445.501099,3627.272705,12562.68555,755.0441284,182.1499939,1108.775635,1381.205444
29-05-2024,188.8296051,1430.189575,3593.030029,12533.33398,744.0921631,182.0200043,1084.228149,1366.047485
30-05-2024,189.8219299,1414.38147,3529.220947,12346.49023,747.3234253,179.3200073,1095.73938,1343.922485
31-05-2024,190.7745667,1419.890747,3467.677734,12151.75684,755.5620728,176.4400024,1102.970947,1351.077026
03-06-2024,192.5408936,1499.228516,3497.811768,12227.07324,775.6160278,178.3399963,1141.292725,1350.116699
04-06-2024,192.858429,1387.009155,3509.288818,11932.96387,731.6848145,179.3399963,1054.170654,1338.352661
05-06-2024,194.3667755,1410.311646,3538.997314,12252.99414,765.552063,181.2799988,1090.770874,1373.356445
06-06-2024,192.987442,1421.081909,3618.299072,12420.48242,769.4493408,185,1092.492676,1413.833984
07-06-2024,195.3789368,1459.150024,3678.32959,12555.13965,776.1833496,184.3000031,1103.610352,1472.749634
10-06-2024,191.6378784,1460.589478,3645.031494,12463.65234,770.2387085,187.0599976,1105.676514,1440.242798
11-06-2024,205.5601807,1445.972778,3638.797119,12606.83691,771.9653931,187.2299957,1100.16687,1436.401489
12-06-2024,211.4347534,1452.573853,3619.479492,12592.82129,776.5780029,186.8899994,1101.495117,1426.270264
13-06-2024,212.5957947,1454.484741,3663.405029,12590.37109,779.8340454,183.8300018,1089.491699,1434.672974
14-06-2024,210.8592224,1466.694458,3619.857422,12588.75488,787.8012695,183.6600037,1087.819214,1429.823242
18-06-2024,212.6453857,1470.143921,3603.846191,12310.17969,793.1786499,182.8099976,1104.741821,1438.754395
20-06-2024,208.0707703,1462.872681,3577.538086,11906.94434,823.5431519,186.1000061,1138.144287,1455.271851
21-06-2024,205.8976135,1443.515869,3599.737061,11957.90625,821.7671509,189.0800018,1139.964478,1471.885376
24-06-2024,206.5426025,1430.884277,3605.451416,11940.16699,825.0478516,185.5700073,1151.229736,1466.555664
25-06-2024,207.4654694,1443.466309,3625.902832,11874.7002,844.2631226,186.3399963,1178.630615,1480.768433
26-06-2024,211.6133881,1502.901367,3642.339355,11954.7207,839.4038086,193.6100006,1198.357422,1479.567993
27-06-2024,212.4568481,1519.304932,3716.303955,11935.61035,836.7644653,197.8500061,1200.226685,1510.922607
28-06-2024,209.0035248,1553.898926,3687.964844,11793.60254,830.671814,193.25,1180.25415,1504.584473
01-07-2024,215.0865021,1548.6875,3757.914795,11866.90918,841.229126,197.1999969,1192.306519,1527.680176
02-07-2024,218.5794983,1553.675659,3794.944092,11802.17773,853.7597046,200,1171.39917,1556.72998
03-07-2024,219.8497009,1541.019287,3745.681885,11881.61035,872.5310669,197.5899963,1182.221802,1562.828003
05-07-2024,224.6029205,1576.953247,3789.654297,11862.40137,813.0598755,200,1213.509033,1582.082397
08-07-2024,226.0715637,1589.138184,3772.083984,11783.55664,806.7698975,199.2899933,1215.132446,1595.719116
09-07-2024,226.924942,1578.591187,3764.810547,12571.60449,807.3372192,199.3399963,1228.119507,1591.397583
10-07-2024,231.1919556,1572.585571,3692.687988,12517.7998,802.206604,199.7899933,1223.150879,1582.850708
11-07-2024,225.8235016,1569.036865,3706.432617,12461.35059,800.1345825,195.0500031,1218.477539,1587.124023
12-07-2024,228.7706757,1584.993774,3952.271973,12311.69922,800.5292358,194.4900055,1213.01709,1643.831055
15-07-2024,232.601059,1585.490112,3938.338623,12391.52246,800.2332764,192.7200012,1210.114624,1639.317627
16-07-2024,233.0178375,1564.669189,3947.076416,12387.21094,799.0739746,193.0200043,1219.904175,1657.563721
18-07-2024,222.4594879,1575.0177,4076.584229,12391.62012,796.631958,183.75,1230.136597,1688.293945
19-07-2024,222.588501,1543.724243,4073.602539,12274.26172,792.9320068,183.1300049,1228.513062,1721.809204
22-07-2024,222.2411957,1489.649536,4059.352295,12388.87598,810.3218994,182.5500031,1221.134155,1738.999023
23-07-2024,223.2831268,1476.968262,4073.554443,12376.91992,798.407959,186.4100037,1206.966309,1764.015381
24-07-2024,216.8627777,1484.710938,4077.247314,12237.95117,791.3286743,180.8300018,1203.276733,1761.182373
25-07-2024,215.8208466,1481.435181,4092.633057,12259.46387,797.5199585,179.8500061,1178.581543,1752.443481
26-07-2024,216.2872314,1497.93811,4154.507813,12410.87793,798.2846069,182.5,1187.731445,1804.348999
29-07-2024,216.565094,1508.931763,4148.117188,12496.97363,791.8220215,183.1999969,1193.142822,1796.858521
30-07-2024,217.1207886,1502.032715,4133.204102,12616.6377,797.0019531,181.7100067,1189.94519,1802.668335
31-07-2024,220.3756256,1494.364502,4152.141113,12853.95215,797.1005859,186.9799957,1195.307373,1794.12146
01-08-2024,216.6841583,1504.167114,4163.266602,13092.34668,808.4719238,184.0700073,1190.584717,1779.092529
02-08-2024,218.1726532,1488.309204,4055.281006,12590.13281,818.5111694,167.8999939,1177.253296,1748.938232
05-08-2024,207.6639099,1436.691284,3934.087891,12070.20898,797.1005859,161.0200043,1153.689453,1682.388062
06-08-2024,205.6395721,1445.352417,3949.37915,12001.20605,789.9226074,161.9299927,1148.032227,1681.619873
07-08-2024,208.2097168,1454.062744,3977.073975,12239.03223,800.9238892,162.7700043,1153.54187,1720.560791
08-08-2024,211.6729279,1438.478271,3950.657471,12088.0166,810.395874,165.8000031,1145.818481,1673.985352
09-08-2024,214.5804291,1463.468262,4003.868408,12093.30957,814.0958252,166.9400024,1152.705566,1700.490234
12-08-2024,216.1103973,1449.893677,3972.528564,12141.83398,818.9798584,166.8000031,1163.819946,1726.082764
13-08-2024,219.8259888,1452.871704,3973.759766,12045.87305,790.9092407,170.2299957,1159.403931,1726.130615
14-08-2024,220.2730408,1451.109741,4066.832031,12074.95801,793.1786499,170.1000061,1152.755249,1750.906982
16-08-2024,224.5747986,1467.3396,4181.208008,12082.52637,805.166626,177.0599976,1178.15918,1785.19043
19-08-2024,224.4158325,1482.479126,4251.225098,12019.70605,804.8952637,178.2200012,1166.896118,1790.808472
20-08-2024,225.0317993,1489.999023,4282.754395,12084.1582,807.9292603,178.8800049,1170.418945,1797.914795
21-08-2024,224.9225159,1492.713257,4309.455078,12090.09473,802.0586548,180.1100006,1165.854126,1798.394897
22-08-2024,223.0646973,1492.165405,4262.587402,12144.90039,804.7719727,176.1300049,1181.979736,1805.645264
23-08-2024,225.3596191,1494.008057,4226.513184,12170.57324,801.6885986,177.0399933,1194.28479,1788.215454
26-08-2024,225.6973877,1506.582886,4263.013672,12112.69922,809.0392456,175.5,1204.009766,1801.70813
27-08-2024,226.5418701,1494.481201,4257.995605,12363.08984,807.9539185,173.1199951,1216.959839,1824.707642
28-08-2024,225.0119019,1492.339844,4266.421875,12225.18164,807.6332397,170.8000031,1214.479004,1862.160278
29-08-2024,228.2903748,1514.874756,4271.866699,12320.45117,808.3485718,172.1199951,1212.543945,1856.638428
30-08-2024,227.5055389,1503.619751,4311.585938,12270.19531,807.5346069,178.5,1219.787964,1866.577759
03-09-2024,221.3162079,1503.121704,4272.387207,12264.35742,807.7565918,176.25,1238.146362,1864.224976
04-09-2024,219.4087219,1508.525146,4241.046875,12204.15918,809.9519043,173.3300018,1226.883301,1846.170898
05-09-2024,220.9287262,1487.035889,4237.92334,12166.91211,811.7525024,177.8899994,1226.486328,1856.446411
06-09-2024,219.3789063,1458.997803,4219.744629,12055.66699,807.5592041,171.3899994,1198.89917,1826.388184
09-09-2024,219.4683533,1456.632324,4212.926758,12015.69922,812.2705688,175.3999939,1225.543579,1819.473999
10-09-2024,218.6735382,1455.71106,4268.125977,12132.08984,814.1698608,179.5500031,1227.82605,1836.423828
11-09-2024,221.2069244,1445.725952,4241.142578,12111.51172,810.987915,184.5200043,1226.883301,1834.358887
12-09-2024,221.3162079,1473.91333,4277.452148,12268.06738,822.1865234,187,1242.562378,1873.059937
13-09-2024,221.0479431,1466.766846,4282.091797,12184.17578,821.8658447,186.4900055,1240.776001,1866.962036
16-09-2024,214.9083099,1465.496948,4273.239258,12157.41602,824.3324585,184.8899994,1253.180298,1872.86792
17-09-2024,215.3752289,1466.443237,4266.043457,12114.62891,823.2718506,186.8800049,1258.390137,1875.07666
18-09-2024,219.2497711,1457.628296,4115.025879,12073.42383,836.0984497,186.4299927,1278.485107,1817.07312
19-09-2024,227.3763733,1463.828613,4067.683838,12219.24609,842.8571167,189.8699951,1282.107178,1819.041748
20-09-2024,226.7107697,1480.014038,4057.032715,12479.43066,858.9890137,191.6000061,1328.201416,1830.133667
23-09-2024,224.9920349,1487.434326,4041.504639,12547.29492,868.1651001,193.8800049,1311.778198,1821.202515
24-09-2024,225.8861542,1483.450195,4044.155518,12602.20117,872.2350464,193.9600067,1308.503418,1823.267334
25-09-2024,224.8927155,1488.006958,4047.422363,12648.40137,877.6862793,192.5299988,1313.713257,1820.098145
26-09-2024,226.0351868,1491.991089,4064.22876,13240.49316,879.8323364,191.1600037,1318.873535,1824.851807
27-09-2024,226.303421,1520.103882,4079.567139,13351.0957,864.6376953,187.9700012,1296.595337,1831.093872
30-09-2024,231.4794464,1470.701172,4041.504639,13096.25391,854.4750977,186.3300018,1263.252686,1801.179932
01-10-2024,224.7337341,1458.997803,4059.872803,13025.02539,851.5890503,185.1300049,1264.641968,1828.789063
03-10-2024,224.1972504,1401.378052,4007.656006,12511.92773,829.7838135,181.9600067,1246.730103,1818.273682
04-10-2024,225.3199005,1381.009399,4026.119141,12470.77441,817.7712402,186.5099945,1230.257202,1842.041626
07-10-2024,220.2432404,1365.272217,4045.623291,12393.3623,798.1119385,180.8000031,1224.452026,1857.550781
08-10-2024,224.2966309,1391.79126,4027.065918,12397.76465,814.5152588,182.7200012,1227.131348,1871.235352
09-10-2024,228.0420227,1369.131836,4026.781738,12624.06543,805.6845703,185.1699982,1234.623535,1875.268677
10-10-2024,227.5452728,1365.595947,4002.590332,12805.50098,820.114502,186.6499939,1233.978516,1842.85791
11-10-2024,226.0650024,1366.641724,3928.549316,12639.84473,814.4905396,188.8200073,1213.635498,1858.31897
14-10-2024,229.7905426,1367.065063,3916.66626,12403.60059,832.7931519,187.5399933,1222.318481,1881.174683
15-10-2024,232.3238983,1338.678467,3897.871582,12313.47656,830.8198242,187.6900024,1245.886597,1881.558838
16-10-2024,230.2673798,1348.688477,3877.184082,12251.2998,838.5651855,186.8899994,1233.631226,1843.914185
17-10-2024,230.6349945,1351.029175,3890.486816,12013.7207,825.4178467,187.5299988,1221.822388,1890.009644
18-10-2024,233.4663849,1353.8927,3913.313232,11975.48438,829.7098389,188.9900055,1254.817749,1805.021118
21-10-2024,234.9367065,1363.753296,3872.311035,12045.52734,852.8223877,189.0700073,1249.409546,1779.23645
22-10-2024,234.3207703,1338.006104,3811.234375,11795.63086,845.8417969,189.6999969,1257.7948,1778.13208
23-10-2024,229.2540588,1333.200317,3859.402832,11828.17969,856.3251343,184.7100067,1242.016479,1799.067139
24-10-2024,229.0652771,1334.470337,3841.986328,11637.74023,863.1577148,186.3800049,1243.157715,1789.415894
25-10-2024,229.8998108,1322.567749,3851.145508,11379.68262,860.0744019,187.8300018,1245.837036,1788.167603
28-10-2024,231.8768005,1329.04187,3882.751465,11360.29297,855.5357056,188.3899994,1282.950684,1791.336548
29-10-2024,232.14505,1334.669434,3867.94458,10927.72461,864.243042,190.8300018,1321.651978,1786.431763
30-10-2024,228.5983582,1338.553955,3876.866699,11135.92188,855.7330322,192.7299957,1302.102905,1750.300903
31-10-2024,224.4357147,1326.751099,3766.577881,10957.84961,856.2757568,186.3999939,1282.355225,1706.740112
01-11-2024,221.4552765,1333.324829,3781.526367,10991.04004,857.0650635,197.9299927,1281.908691,1710.236572
04-11-2024,220.561142,1296.970093,3762.496094,10934.10645,845.619751,195.7799988,1267.42041,1712.956299
05-11-2024,221.9917603,1300.107544,3769.330322,11050.49609,867.2030029,199.5,1286.771118,1703.777832
06-11-2024,221.26651,1320.077759,3929.068848,11232.6748,865.9203491,207.0899963,1292.37793,1771.280029
07-11-2024,225.9954529,1300.456177,3939.746582,11179.1543,861.628418,210.0500031,1268.908936,1751.223755
08-11-2024,225.7269135,1278.643188,3936.045166,11181.97363,865.5256348,208.1799927,1249.210938,1777.350342
11-11-2024,223.011734,1267.637085,3985.115479,11277.6377,871.3717041,206.8399963,1259.581055,1806.633789
12-11-2024,223.011734,1269.18103,3983.881104,11023.78516,847.6424561,208.9100037,1260.870972,1815.083862
13-11-2024,223.8969116,1247.069336,3939.224854,10931.28613,829.4631348,214.1000061,1244.100342,1814.695313
14-11-2024,226.9800873,1262.557495,3935.000977,10888.20215,835.0871582,211.4799957,1247.325439,1810.956055
18-11-2024,226.7811737,1255.734741,3815.031006,10975.16211,841.1797485,201.6999969,1243.852295,1759.382202
19-11-2024,227.0397491,1236.710693,3834.060791,10841.95313,859.5070801,204.6100006,1239.535645,1772.300049
21-11-2024,227.2784576,1218.134888,3865.666992,10745.15137,858.9890137,198.3800049,1240.974609,1781.332642
22-11-2024,228.6210938,1260.366211,4028.68042,10945.13574,861.159668,197.1199951,1268.264038,1847.572266
25-11-2024,231.6048126,1281.880249,4095.593506,10907.09863,880.8929443,201.4499969,1290.988647,1835.382935
26-11-2024,233.7829132,1290.545654,4131.28125,10826.76758,880.8683472,207.8600006,1294.958008,1868.842896
27-11-2024,233.6536407,1288.055542,4112.155762,10939.94238,894.0649414,205.7400055,1290.740479,1869.182861
29-11-2024,236.0406036,1287.05957,4053.594727,10955.62305,886.0483398,207.8899994,1290.145142,1804.448486
02-12-2024,238.2882843,1303.942261,4059.099854,11118.95508,890.3156128,210.7100067,1294.660278,1825.7677
03-12-2024,241.3316803,1318.035889,4083.872559,11158.47754,900.9715576,213.4400024,1298.381592,1837.714111
04-12-2024,241.6897125,1303.74292,4132.89502,11010.67676,917.6461792,218.1600037,1305.973022,1834.946045
05-12-2024,241.7195435,1316.790894,4236.966797,11062.51563,920.4335327,220.5500031,1326.266479,1879.235229
06-12-2024,241.5206604,1306.332642,4219.36084,11196.76367,915.5494995,227.0299988,1318.575806,1867.143188
09-12-2024,245.4093933,1289.997925,4225.672363,11159.02148,922.5302124,226.0899963,1312.175171,1868.3573
10-12-2024,246.4238586,1279.73877,4207.068848,11078.2959,921.5928345,225.0399933,1320.262695,1892.541504
11-12-2024,245.1508026,1273.115234,4202.229004,11156.99316,919.1261597,230.2599945,1317.335327,1917.40564
12-12-2024,246.6128387,1257.876221,4228.330078,11047.8252,917.2268677,228.9700012,1319.071899,1929.886353
13-12-2024,246.7819061,1267.786621,4246.316406,11151.84863,923.3934937,227.4600067,1334.602173,1942.221191
16-12-2024,249.6760864,1263.254761,4190.602051,11156.25195,920.1621704,232.9299927,1335.792847,1923.136108
17-12-2024,252.102829,1240.346191,4108.312012,10989.60547,904.4002686,231.1499939,1323.537476,1919.785156
18-12-2024,246.7023468,1248.264526,4126.678223,10884.6416,893.2756348,220.5200043,1304.087646,1922.261963
19-12-2024,248.4328766,1225.555176,4054.591553,10838.04492,884.7902832,223.2899933,1277.046265,1890.258911
20-12-2024,253.1073761,1200.505371,3958.159668,10784.32715,873.9370117,224.9199982,1278.53479,1866.900391
23-12-2024,253.8831177,1217.437744,3946.769775,10706.12305,888.4902954,225.0599976,1286.870483,1868.988525
24-12-2024,256.7972107,1217.885864,3966.891846,10621.6377,887.0596313,229.0500031,1287.317017,1854.17688
26-12-2024,257.6127014,1211.710571,3957.020996,10779.33105,883.4336548,227.0500031,1287.416138,1852.574341
27-12-2024,254.2013702,1216.192749,3952.987305,10823.89844,887.133667,223.75,1297.538208,1861.655518
30-12-2024,250.8298035,1205.883789,3947.244629,10683.32031,877.0943604,221.3000031,1284.736938,1851.2146
31-12-2024,249.0594635,1210.614868,3886.500244,10742.13379,874.6029663,219.3899994,1271.836426,1825.961792
02-01-2025,242.525177,1236.860107,3963.33252,11714.50879,884.9136353,220.2200012,1280.717896,1901.574097
03-01-2025,242.0378265,1246.172974,3891.341064,11806.46387,862.9356689,224.1900024,1255.363525,1883.023071
06-01-2025,243.6689148,1213.154785,3886.69043,11629.77637,843.84375,227.6100006,1254.420776,1882.149048
07-01-2025,240.8940582,1235.913818,3823.383057,11595.79395,845.2744141,222.1100006,1269.454834,1875.35022
08-01-2025,241.3813934,1260.46582,3899.408203,11695.41602,835.8518677,222.1300049,1254.073486,1877.584106
10-01-2025,235.5631866,1236.959717,4048.65918,11506.55957,817.3272095,218.9400024,1240.279907,1910.412476
13-01-2025,233.1264954,1234.917847,4072.814941,11374.58887,804.5499268,218.4600067,1220.333862,1905.799072
14-01-2025,232.0125885,1233.822266,4017.717529,11615.43164,812.3198853,217.7599945,1230.803101,1884.285889
15-01-2025,236.5776367,1247.218628,4033.42627,11819.47363,810.5686035,223.3500061,1228.768677,1893.609863
16-01-2025,227.0198669,1261.411987,3992.328369,11962.82129,815.008606,220.6600037,1239.535645,1873.019165
17-01-2025,228.7305145,1297.169189,3986.528809,12006.39941,807.4605713,225.9400024,1216.06665,1763.267212
21-01-2025,221.4303894,1268.633179,3901.033691,11756.45508,810.2479248,230.7100067,1186.991089,1748.941162
22-01-2025,222.6139221,1272.019653,4017.75,11891.6416,821.9152222,235.0099945,1191.258057,1803.088745
23-01-2025,222.4448395,1258.623169,4006.972412,11916.77051,821.3479004,235.4199982,1192.548218,1811.829956
24-01-2025,221.5696259,1241.342285,4013.64209,11839.75391,813.8986206,234.8500061,1199.941162,1821.542603
27-01-2025,228.6111603,1224.459595,3929.354736,11865.42578,804.0319214,235.4199982,1218.547607,1769.628906
28-01-2025,236.9655304,1229.489624,3905.334961,11993.93457,824.0612183,238.1499939,1237.352539,1777.15625
29-01-2025,238.0595703,1230.585205,3962.847168,11849.64746,827.4651489,237.0700073,1242.066162,1827.175903
30-01-2025,236.2991638,1248.06543,3963.088867,11871.50977,834.47052,234.6399994,1245.98584,1806.488159
31-01-2025,234.717804,1260.067383,3975.026367,12178.83398,838.0471191,237.6799927,1243.207397,1825.7677
03-02-2025,226.7712097,1240.943848,3932.737793,12999.25391,827.8104858,237.4199982,1243.405762,1809.741943
04-02-2025,231.5351868,1280.087402,3969.855225,12969.5752,848.9744873,242.0599976,1258.48938,1844.221558
05-02-2025,231.2069855,1273.115234,3954.437988,12946.67285,857.3117676,236.1699982,1257.993164,1842.521851
06-02-2025,231.9529114,1276.452026,3946.366943,12934.00977,860.2963867,238.8300018,1262.657227,1860.587158
07-02-2025,226.39328,1261.661011,3894.798828,12909.77246,854.8204346,229.1499939,1247.276001,1848.932129
10-02-2025,226.6621094,1248.662964,3902.096924,12762.61523,846.4337158,233.1399994,1252.932251,1826.253296
11-02-2025,231.6105347,1229.937744,3831.148682,12588.10352,839.3544312,232.7599945,1243.157715,1821.736938
12-02-2025,235.8421021,1211.710571,3818.196289,12520.04102,842.0184326,228.9299927,1242.214966,1809.596191
13-02-2025,240.4818878,1211.262329,3779.532471,12535.62207,837.5291138,230.3699951,1239.337158,1790.268188
14-02-2025,243.538559,1212.407715,3803.407715,12544.47656,836.1231079,228.6799927,1250.451416,1803.040161
18-02-2025,243.4091034,1220.525391,3743.816895,12649.29199,850.0350952,226.6499939,1233.531982,1798.71814
19-02-2025,243.807373,1222.567139,3657.693604,12550.31348,852.0823975,226.6300049,1251.989624,1758.750977
20-02-2025,244.7632141,1228.095093,3653.150146,12307.44238,832.2998047,222.8800049,1240.37915,1772.688477
21-02-2025,244.484436,1223.264404,3659.529785,12191.49707,834.9638062,216.5800018,1223.509277,1762.8302
24-02-2025,246.02771,1209.718506,3552.817627,12213.01367,827.3664551,212.7100067,1209.021118,1713.393188
25-02-2025,245.9679565,1199.210449,3508.305908,12342.75879,829.9564819,212.8000031,1214.776733,1716.889648
27-02-2025,236.2702484,1202.298096,3491.873535,12248.03418,839.0091553,208.7400055,1213.089722,1713.587524
28-02-2025,240.7905273,1195.325928,3366.893066,11817.93945,854.6477661,212.2799988,1194.880249,1639.189209
03-03-2025,236.9970703,1166.590698,3376.365967,11649.5127,839.4284668,205.0200043,1196.964111,1659.488403
04-03-2025,234.9061737,1157.277954,3414.062744,11491.86914,843.5971069,203.8000031,1201.131958,1639.772095
05-03-2025,234.7169952,1170.923462,3428.561523,11492.95703,833.7304688,208.3600006,1206.391357,1662.305176
06-03-2025,234.3087769,1204.788208,3481.289795,11541.48242,834.3224487,200.6999969,1208.723511,1666.530151
07-03-2025,238.0325623,1244.828369,3490.568848,11539.25684,833.3604736,199.25,1205.250244,1637.538208
10-03-2025,226.4928436,1233.473633,3469.73877,11461.99219,832.4971313,194.5399933,1205.547852,1652.544067
11-03-2025,219.8816528,1242.338257,3455.86792,11522.24023,831.510498,196.5899963,1235.864014,1613.839478
12-03-2025,216.0384216,1252.049438,3389.076416,11515.46289,844.1644287,198.8899994,1234.425049,1545.123047
13-03-2025,208.7700806,1242.935913,3393.764404,11390.51563,841.9197998,193.8899994,1240.478394,1534.439209
17-03-2025,213.0713501,1233.921753,3380.860107,11429.98926,843.7944336,195.7400055,1259.283325,1544.346191
18-03-2025,211.7670288,1233.921753,3380.860107,11429.98926,843.7944336,192.8200073,1259.283325,1544.346191
19-03-2025,214.3059692,1242.188843,3380.280273,11491.17676,860.4197388,195.5399933,1303.045532,1540.946777
20-03-2025,213.1709137,1264.101318,3444.123779,11604.59863,872.5803833,194.9499969,1311.579712,1569.113159
21-03-2025,217.3228302,1271.272583,3458.574951,11607.1709,873.3696899,196.2100067,1332.815918,1546.774292
24-03-2025,219.7721558,1296.920166,3507.72583,11794.59277,887.9969482,203.2599945,1347.750732,1546.968506
25-03-2025,222.7790375,1280.336426,3535.563965,11741.81445,898.5789185,205.7100067,1333.411255,1581.642212
26-03-2025,220.5686646,1267.98584,3514.347168,11608.65527,891.2283325,201.1300049,1325.671021,1553.47583
27-03-2025,222.8786163,1273.115234,3529.232666,11596.4375,900.5029297,201.3600006,1326.415283,1557.45813
28-03-2025,216.9544067,1270.027588,3485.6875,11398.77734,901.9089355,192.7200012,1338.025635,1525.503784
01-04-2025,222.2214661,1247.617065,3432.186279,11358.16602,872.1363525,192.1699982,1308.354614,1482.622681
02-04-2025,222.9184113,1246.172974,3425.565186,11590.64941,886.4676514,196.0099945,1321.056641,1505.593018
03-04-2025,202.3082428,1243.732666,3289.468506,11562.94922,885.4562988,178.4100037,1319.369751,1453.485107
04-04-2025,187.5625305,1199.907593,3189.184326,11359.05664,896.5316162,171,1325.075684,1409.924316
07-04-2025,180.6725616,1161.062744,3164.681152,11208.43652,867.1289673,175.2599945,1277.691284,1356.602295
08-04-2025,171.6717834,1177.497192,3182.949951,11336.2041,872.77771,170.6600037,1289.946655,1387.731079
09-04-2025,197.9870911,1180.634644,3138.148193,11334.7207,870.7303467,191.1000061,1290.839844,1363.352417
11-04-2025,197.2901154,1214.100952,3123.552734,11474.85254,891.3269653,184.8699951,1301.606689,1368.937134
15-04-2025,201.2628021,1235.16687,3139.69458,11728.0625,920.0141602,179.5899963,1339.86145,1385.011475
16-04-2025,193.4269714,1234.370117,3164.439697,11539.10742,926.4768066,174.3300018,1346.014038,1372.482178
17-04-2025,196.1252136,1269.430054,3188.701172,11569.77539,940.635376,172.6100006,1395.928833,1378.698364
21-04-2025,192.3217926,1290.346436,3210.643066,11619.24023,950.6994019,167.3200073,1399.005249,1409.292969
22-04-2025,198.8732452,1286.063599,3203.68335,11608.3584,967.7686768,173.1799927,1405.653931,1381.903564
23-04-2025,203.7121429,1294.828613,3298.989746,11779.50586,949.1207886,180.6000061,1413.493408,1432.505981
24-04-2025,207.4657593,1296.422241,3287.970459,11766.64551,945.618103,186.5399933,1391.959473,1429.106567
25-04-2025,208.3718262,1295.227051,3332.820557,11572.74414,942.8554077,188.9900055,1394.043457,1437.653564
28-04-2025,209.2281036,1363.35498,3328.470703,11719.15918,947.2954102,187.6999969,1417.859741,1439.498901
29-04-2025,210.2934418,1394.131958,3356.502197,11714.21289,941.6715088,187.3899994,1418.852051,1454.456299
30-04-2025,211.5778503,1399.410889,3338.329834,12125.75781,949.6633911,184.4199982,1416.073486,1456.981567
02-05-2025,204.4588928,1414.1521,3316.388184,12272.17383,948.1340942,189.9799957,1419.149658,1463.586182
05-05-2025,198.0269165,1425.606323,3338.909912,12324.60645,955.4847412,186.3500061,1418.455078,1465.237183
06-05-2025,197.6485596,1415.247681,3344.419922,12446.28906,952.968689,185.0099945,1420.638184,1468.053955
07-05-2025,195.3983765,1400.40686,3330.017334,12497.73242,959.8259888,188.7100067,1424.40918,1464.945923
08-05-2025,196.6329956,1401.402954,3333.690186,12259.3125,951.3900757,192.0800018,1424.508423,1467.956787
09-05-2025,197.6684723,1371.721436,3325.37793,12118.83301,932.2487793,193.0599976,1378.265259,1464.265991
12-05-2025,210.1504974,1430.785522,3499.461182,12480.91406,965.548645,208.6399994,1437.408813,1580.136963
13-05-2025,212.2839966,1410.068237,3397.582275,12348.34863,948.4794312,211.3699951,1419.645874,1523.512573
14-05-2025,211.6858063,1418.733765,3430.156738,12534.33594,942.5594482,210.25,1415.279541,1546.62854
15-05-2025,210.8084869,1448.415161,3460.314209,12813.31641,954.0047607,205.1699982,1439.691284,1566.636475
16-05-2025,210.6190643,1450.606445,3442.335693,12855.85645,954.4487305,205.5899963,1442.866699,1544.200439
19-05-2025,208.1465912,1435.068481,3401.255615,12849.91992,956.4220581,206.1600037,1437.905029,1514.965698
20-05-2025,206.2324219,1418.932861,3381.44043,12502.67871,944.6807861,204.0700073,1427.187622,1515.742554
21-05-2025,201.4768982,1423.514526,3408.021484,12479.9248,950.5514526,201.1199951,1433.637939,1523.415527
22-05-2025,200.749115,1403.793457,3360.851807,12311.74512,947.1474609,203.1000061,1431.057861,1503.019165
23-05-2025,194.6775818,1421.124268,3397.196045,12319.65918,953.9060059,200.9900055,1438.698975,1519.821899
27-05-2025,199.6026001,1416.442871,3381.826904,12281.07715,950.3048096,206.0200043,1435.324951,1524.969482
28-05-2025,199.8119507,1407.279541,3380.860107,12198.96582,948.9234619,204.7200012,1442.668335,1526.620728
29-05-2025,199.3433685,1412.160034,3381.246826,12259.3125,950.8967285,205.6999969,1445.347534,1540.023926
30-05-2025,200.2406616,1415.247681,3347.705811,12187.09473,959.4807739,205.0099945,1434.729614,1539.137573
02-06-2025,201.0880737,1408.076294,3334.560303,12158.40527,953.1660767,206.6499939,1439.393555,1530.371826
03-06-2025,202.6533203,1399.908936,3291.449951,11998.13965,949.4660645,205.7100067,1426.890015,1519.734619
04-06-2025,202.2046814,1417.83728,3297.008545,12032.76465,957.6553955,207.2299957,1420.042847,1527.810913
05-06-2025,200.0213165,1436.662109,3287.451904,11996.16113,961.7993774,207.9100037,1443.660645,1530.864258
06-06-2025,203.3013458,1437.75769,3300.226807,12328.56348,976.1552734,213.5700073,1448.523071,1540.221069
09-06-2025,200.8388214,1443.036743,3336.991455,12501.68945,976.2539673,216.9799957,1423.813843,1549.183838
10-06-2025,202.05513,1432.777588,3376.973877,12385.94238,969.5447388,217.6100006,1412.004883,1571.935547
11-06-2025,198.1769257,1443.13623,3385.750732,12318.66992,962.1940918,213.1999969,1420.042847,1606.506226
12-06-2025,198.5956573,1435.865234,3348.986084,12257.33398,958.7407227,213.2400055,1414.287231,1584.345459
13-06-2025,195.8539886,1422.219849,3360.200684,12275.1416,946.0127563,212.1000061,1405.256958,1577.844971
16-06-2025,197.8180237,1432.080444,3409.54541,12395.83496,954.7940674,216.1000061,1415.974243,1599.316406
17-06-2025,195.046463,1425.506592,3428.07373,12460.13867,951.9327393,214.8200073,1412.30249,1615.173584
18-06-2025,195.9835968,1424.411011,3365.759277,12611.50098,954.0540771,212.5200043,1401.783691,1608.279175
20-06-2025,200.390213,1460.367432,3350.448975,12654.04004,969.2486572,209.6900024,1416.172729,1598.429932
23-06-2025,200.8886719,1451.004883,3309.393555,12563.02539,961.2073364,208.4700012,1409.226318,1560.116455
24-06-2025,199.6923065,1445.028687,3306.272949,12475.96777,967.3740234,212.7700043,1413.195679,1557.752563
25-06-2025,200.9484863,1461.463135,3359.323242,12630.29785,976.8953247,211.9900055,1414.88269,1590.550537
26-06-2025,200.390213,1489.351685,3356.397705,12578.85449,997.4179688,217.1199951,1428.080811,1591.633911
27-06-2025,200.4699707,1509.371704,3355.715332,12506.63574,1004.949158,223.3000031,1451.003906,1583.754517
30-06-2025,204.5475311,1494.630615,3376.096191,12267.22656,998.2658081,219.3899994,1434.729614,1577.648071
01-07-2025,207.1895142,1522.320068,3344.597656,12308.77734,1003.552612,220.4600067,1421.035156,1582.572754
02-07-2025,211.7954865,1512.758301,3338.356689,12486.84961,990.5350342,219.9199982,1416.867432,1586.216919
03-07-2025,212.9021301,1511.762207,3316.415039,12615.45801,991.0836182,223.4100037,1414.981934,1594.293213
07-07-2025,209.3130341,1535.36792,3327.044678,12385.94238,991.2332764,223.4700012,1424.706787,1602.46814
08-07-2025,209.3728485,1531.483398,3321.681152,12281.07715,998.2159424,219.3600006,1430.958618,1613.991577
09-07-2025,210.4994354,1512.957397,3299.83667,12336.47754,1003.103699,222.5399933,1420.936035,1609.067017
10-07-2025,211.7655792,1511.164551,3298.081543,12514.5498,1000.609924,222.2599945,1413.195679,1591.437012
11-07-2025,210.5193634,1489.252075,3184.959717,12439.36426,989.3878784,225.0200043,1411.012573,1570.852051
14-07-2025,207.9870758,1477.797729,3142.734131,12380.00684,989.0387573,225.6900024,1412.104126,1546.623047
15-07-2025,208.4755859,1479.491089,3171.599854,12401.77051,995.2732544,226.3500061,1419.844482,1561.692261
16-07-2025,209.5223999,1479.690186,3163.576172,12429.4707,995.6722412,223.1900024,1415.478149,1583.656128
17-07-2025,209.382843,1470.526855,3140.189941,12342.41309,990.9838867,223.8800049,1407.837036,1559.624023
18-07-2025,210.5393066,1470.128418,3121.304932,12286.02344,976.2705078,226.1300049,1414.88269,1562.184692
21-07-2025,211.8353577,1422.916992,3090.286865,12272.17383,997.7670288,229.3000031,1454.576416,1560.411987
22-07-2025,213.7495422,1407.179932,3091.656738,12358.24219,1001.058838,227.4700012,1462.31665,1547.213989
23-07-2025,213.5002899,1418.932861,3110.737305,12491.79688,1009.637512,228.2899933,1477.201782,1550.759644
24-07-2025,213.1114807,1397.319214,3080.306152,12422.5459,1004.599976,232.2299957,1472.041626,1529.091431
25-07-2025,213.2311249,1386.163696,3068.368408,12271.18457,1002.299988,231.4400024,1465.789795,1492.846191
28-07-2025,213.4006042,1382.080078,3013.083496,12207.86914,1004.25,232.7899933,1477.003418,1493.141724
29-07-2025,210.6290283,1411.462769,2990.284424,12335.48828,1010.799988,231.0099945,1474.82019,1490.876343
30-07-2025,208.4157715,1404.490601,2987.936035,12482.89258,1012.900024,230.1900024,1471.049316,1496.096558
31-07-2025,206.9402618,1384.669678,2971.497314,12473,1009.099976,234.1100006,1470.057007,1486.247314
01-08-2025,201.7660065,1388.155762,2938.424072,12302,1006.099976,214.75,1460.331909,1447.441284
04-08-2025,202.733078,1405.88501,3008.288574,12365,996,211.6499939,1451.996216,1458.177002
05-08-2025,202.3043671,1386.163696,2998.014404,12537,988.7999878,213.75,1433.34021,1438.281616
06-08-2025,212.6030273,1387.259521,2967.093994,12524,992.6500244,222.3099976,1432.546387,1415.037354
07-08-2025,219.3624573,1383.872925,2981.478027,12632,997.7000122,223.1300049,1429.271729,1415.234375
08-08-2025,228.6541901,1362.358887,2971.105713,12590,986.9500122,222.6900024,1424.905396,1401.642456
11-08-2025,226.747818,1380.685669,2975.411133,12597,997.7999878,221.3000031,1425.599976,1406.665527
12-08-2025,229.2131042,1374.908813,2970.127197,12840,984.9500122,221.4700012,1422,1402.627441
13-08-2025,232.8861237,1377.099976,2970.910156,12834,990.1500244,224.5599976,1420.800049,1405.089722
14-08-2025,232.3371735,1373.800049,2957.309082,12936,995.5499878,230.9799957,1427.300049,1425.87146
18-08-2025,230.4507446,1381.699951,2946.447754,14068,1001.799988,231.4900055,1434.599976,1414.151001
19-08-2025,230.1213837,1420.099976,2951.340088,14250,995.5499878,228.0099945,1436.300049,1418.28772
20-08-2025,225.5800323,1413,3031.968262,14221,994.0999756,223.8099976,1430.599976,1473.640259
21-08-2025,224.4721375,1424.800049,3035.882568,14280,995.5999756,221.9499969,1446,1473.83728
22-08-2025,227.3267059,1409.199951,2988.327393,14349,982.2999878,228.8399963,1436.400024,1465.071411
25-08-2025,226.7278595,1412.599976,3073.06543,14452,982.0499878,227.9400024,1433.199951,1508.998901
26-08-2025,228.873764,1384.900024,3089.308105,14714,973.4000244,228.7100067,1416.599976,1506.536621
28-08-2025,232.1175842,1385.900024,3027.173828,14752,957.7999878,231.6000061,1399.099976,1477.481445
29-08-2025,231.6983795,1357.199951,3018.367188,14791,951.5999756,229,1397.800049,1447.441284
02-09-2025,229.2829895,1366.5,3044.591064,14842,944.5,225.3399963,1394.199951,1476.102539
03-09-2025,238.0163422,1372.599976,3030.89209,14927,954.4500122,225.9900055,1397,1456.798096
04-09-2025,239.3238525,1359.300049,3029.130615,14662,961.25,235.6799927,1405.5,1440.940918
05-09-2025,239.2340088,1375,2982.75,14895,963.4000244,232.3300018,1402.800049,1422.818237
08-09-2025,237.4274597,1378.5,2954.079834,15258,966,235.8399963,1402.699951,1411.2948
09-09-2025,233.9041748,1376.199951,2983.826172,15365,965.1500244,238.2400055,1403.699951,1481.618164
10-09-2025,226.358551,1377,3043.123291,15108,965.9000244,230.3300018,1403.900024,1509.491455
11-09-2025,229.592392,1383.300049,3057.017822,15095,967.7999878,229.9499969,1401.599976,1486.936646
12-09-2025,233.6247253,1395,3066.019775,15325,967.2999878,228.1499939,1417.699951,1502.596924
15-09-2025,236.2496948,1399.300049,3044.982422,15265,967.0499878,231.4299927,1419.400024,1485.656372
16-09-2025,237.6969452,1405.300049,3078.05542,15573,966.8499756,234.0500031,1421.599976,1488.512695
17-09-2025,238.5353546,1413.800049,3104.572754,15801,966.5,231.6199951,1419.199951,1499.445313
18-09-2025,237.4274597,1415,3108.388916,15817,976.9000244,231.2299957,1421.699951,1517.37085
19-09-2025,245.032959,1407.400024,3101.050049,15864,966.9000244,231.4799957,1402.199951,1516.976807
22-09-2025,255.5928192,1390.599976,3007.70166,15816,964.2000122,227.6300049,1401.5,1476.890503
23-09-2025,253.9459686,1389.800049,2996.546875,16097,957.2000122,220.7100067,1394.300049,1474.920654
24-09-2025,251.8300018,1383,2970.127197,16249,951.0499878,220.2100067,1382.699951,1472.064331
25-09-2025,256.3813171,1372.400024,2893.804443,16269,949.8499756,218.1499939,1375.800049,1462.412231
26-09-2025,254.9740143,1377.599976,2836.758545,16286,945.0499878,219.7799988,1359.599976,1427.053467
29-09-2025,253.9459686,1372.800049,2833.822754,15984,950.2999878,222.1699982,1348.099976,1420.060547
30-09-2025,254.1455994,1364,2826.28833,16029,951,219.5700073,1348,1420.060547
01-10-2025,254.964035,1368.699951,2851.533691,15965,965.25,220.6300049,1372,1424.000244
03-10-2025,257.5291443,1363.400024,2839.498047,15806,965.1500244,219.5099945,1365.199951,1424.788086
06-10-2025,256.2016907,1375,2924.137939,15998,973.4500122,220.8999939,1363.400024,1453.744873
07-10-2025,255.9920807,1384.800049,2909.753906,16108,982.5,221.7799988,1375.900024,1436.508667
08-10-2025,257.5690613,1367.400024,2962.10376,16012,978.7000122,225.2200012,1370.300049,1472.458374
09-10-2025,253.5567017,1377.800049,2995.861816,15985,977.0999756,227.7400055,1376.199951,1486.542847
10-10-2025,244.8034058,1381.699951,2963.179932,16265,980.9000244,216.3699951,1380.300049,1492.05835
13-10-2025,247.188858,1375,2942.533691,16323,977,220.0700073,1379.400024,1470.685425
14-10-2025,247.298645,1375.900024,2896.642334,16261,977.1500244,216.3899994,1384.099976,1467.435303
15-10-2025,248.8656464,1374.300049,2916.776367,16212,978.25,215.5700073,1398.400024,1452.169067
16-10-2025,246.979248,1398.300049,2917.660156,16298,994.3499756,214.4700012,1417.300049,1449.312744
17-10-2025,251.8100281,1416.800049,2909.311768,16401,1002.549988,213.0399933,1436.599976,1419.371094
20-10-2025,261.7411194,1466.800049,2961.365479,16424,1002.950012,216.4799957,1390.300049,1438.872559
21-10-2025,262.2701111,1465.199951,2953.017334,16396,1007.700012,222.0299988,1382,1450.199219
23-10-2025,259.0861511,1448.400024,3018.330078,16393,1008.799988,221.0899963,1363.699951,1505.453247
24-10-2025,262.3200073,1451.599976,3008.508545,16274,994.75,224.2100067,1377.699951,1502.400024
27-10-2025,268.2986145,1484.099976,3029.821045,16388,1002.950012,226.9700012,1377.599976,1504.5
28-10-2025,268.4882507,1486.900024,3003.303223,16311,1003.549988,229.25,1363.099976,1500.199951
29-10-2025,269.1869202,1504.199951,3003.008789,16138,1007.849976,230.3000031,1370.400024,1510.400024
30-10-2025,270.883667,1488.5,2981.106689,16206,998.1500244,222.8600006,1362.400024,1493.800049
31-10-2025,269.8556519,1486.400024,3003.401367,16186,987.2999878,244.2200012,1345.300049,1482.300049
03-11-2025,268.538147,1484.699951,2962.937012,15651,992.6500244,254,1346.400024,1485.5
04-11-2025,269.5262756,1473.099976,2936.812012,15374,985.25,249.3200073,1336.900024,1467.900024
06-11-2025,269.2567749,1496.099976,2957.142334,15452,984.6500244,243.0399933,1320.400024,1466.699951
07-11-2025,267.959259,1478,2938.383545,15479,982.2999878,244.4100037,1343,1476.800049
10-11-2025,269.1781311,1489.300049,2971.187012,15583,984.5,248.3999939,1348,1513.5
11-11-2025,274.9926758,1493.400024,2992.5979,15645,991.7000122,249.1000061,1358.300049,1530.300049
12-11-2025,273.2143555,1511.5,3075.883789,15696,989.5,244.1999969,1358.900024,1551.699951
13-11-2025,272.6948547,1510.900024,3050.249756,15749,986.6500244,237.5800018,1385.900024,1541.800049
14-11-2025,272.1553345,1518.900024,3050.544434,15684,989.5999756,234.6900024,1373,1502.800049
17-11-2025,267.2099609,1518.300049,3046.812256,15878,996.5499878,232.8699951,1379,1507.599976
18-11-2025,267.1900024,1519.400024,3031.981934,15930,992.4500122,222.5500031,1373.400024,1486.400024
19-11-2025,268.3089294,1518.900024,3091.499756,15768,994.5999756,222.6900024,1383.099976,1541.099976
20-11-2025,266.0010986,1549.099976,3088.651855,15801,1008.849976,217.1399994,1383,1536.5
21-11-2025,271.2361755,1546.599976,3094.348145,15977,998.0499878,220.6900024,1369.5,1545
24-11-2025,275.6620789,1535.900024,3085.115967,15958,999.1500244,226.2799988,1368.400024,1548
25-11-2025,276.7110901,1539.699951,3063.508789,15889,989.7999878,229.6699982,1357.800049,1530.599976
26-11-2025,277.2905273,1569.900024,3106.428467,16156,1003.900024,229.1600037,1375,1557.900024
28-11-2025,278.589325,1567.5,3081.481934,15900,1007.599976,233.2200012,1388.800049,1560.099976
01-12-2025,282.8353577,1566.099976,3077.455078,16097,1002.099976,233.8800049,1390.099976,1564
02-12-2025,285.9224548,1546.300049,3079.714111,16239,989.7999878,234.4199982,1373,1561
03-12-2025,283.8843689,1538.800049,3123.223145,16082,1000.5,232.3800049,1391.5,1578.699951
04-12-2025,280.4375916,1535.599976,3171.544678,15994,997.2000122,229.1100006,1386.699951,1597.599976
05-12-2025,278.5193787,1540.599976,3180.384033,16282,1003.299988,229.5299988,1392.5,1616.199951
08-12-2025,277.6302185,1543,3178.714355,16187,1003.099976,226.8899994,1389.599976,1610.800049
09-12-2025,276.9208679,1529.400024,3151.018066,16020,997.0999756,227.9199982,1375.199951,1599
10-12-2025,278.5193787,1536.900024,3132.259033,16019,989.7999878,231.7799988,1363.599976,1584.800049
11-12-2025,277.7700806,1545,3134.910645,16248,1000.299988,230.2799988,1360,1598
12-12-2025,278.0198669,1556.5,3163,16522,1001.5,226.1900024,1366,1598.199951
15-12-2025,273.8537292,1556.199951,3172.526855,16415,996.0999756,222.5399933,1365.199951,1606.800049
16-12-2025,274.3532715,1542.300049,3147.875244,16354,994.2999878,222.5599976,1366,1592.900024
17-12-2025,271.5858765,1544.400024,3160.348389,16398,984,221.2700043,1352.400024,1602
18-12-2025,271.9355469,1544.400024,3222.223633,16329,979.7000122,226.7599945,1356.800049,1626.800049
19-12-2025,273.4141846,1565.099976,3223.4021,16414,985.5,227.3500061,1354.099976,1638.699951
22-12-2025,270.7166748,1575.400024,3265.536133,16649,987.7000122,228.4299927,1368.5,1689.599976
23-12-2025,272.1053772,1570.699951,3250.9021,16585,996.5999756,232.1399994,1363,1668.300049
24-12-2025,273.5540161,1558.199951,3259.741455,16703,997.2000122,232.3800049,1359.800049,1663.400024
26-12-2025,273.1444092,1559.199951,3221.437744,16596,992.0999756,232.5200043,1350.400024,1656.099976
29-12-2025,273.5040894,1545.599976,3193.446533,16542,991.7000122,232.0700073,1343.300049,1644.699951
30-12-2025,272.824707,1539.800049,3188.830566,16647,990.9000244,232.5299988,1342.5,1621.599976
